id;UF;Operadora
1;RJ;OP2
2;Sul;OP3
3;RJ;OP3
4;RJ;OP2
5;RJ;OP2
6;RJ;OP2
7;RJ;OP2
8;SP;OP1
9;SP;OP1
10;RJ;OP2
11;SP;OP3
12;RJ;OP2
13;SP;OP1
14;Sul;OP2
15;Sul;OP2
16;SP;OP2
17;RJ;OP2
18;Sul;OP2
19;SP;OP2
20;RJ;OP3
21;RJ;OP2
22;RJ;OP2
23;Sul;OP3
24;Sul;OP3
25;Sul;OP3
26;RJ;OP3
27;RJ;OP3
28;RJ;OP2
29;SP;OP2
30;SP;OP1
31;Sul;OP2
32;SP;OP2
33;Sul;OP1
34;RJ;OP2
35;SP;OP2
36;RJ;OP2
37;RJ;OP1
38;SP;OP1
39;Sul;OP3
40;RJ;OP2
41;RJ;OP1
42;SP;OP1
43;SP;OP1
44;SP;OP2
45;Sul;OP3
46;RJ;OP2
47;SP;OP1
48;SP;OP4
49;RJ;OP2
50;SP;OP3
51;RJ;OP2
52;RJ;OP1
53;RJ;OP2
54;RJ;OP2
55;SP;OP1
56;RJ;OP3
57;SP;OP3
58;SP;OP2
59;SP;OP4
60;Sul;OP3
61;RJ;OP3
62;RJ;OP1
63;Sul;OP1
64;Sul;OP2
65;Sul;OP4
66;RJ;OP2
67;Sul;OP2
68;RJ;OP3
69;SP;OP4
70;SP;OP3
71;RJ;OP2
72;Sul;OP1
73;Sul;OP2
74;RJ;OP2
75;RJ;OP3
76;SP;OP2
77;SP;OP2
78;RJ;OP2
79;RJ;OP2
80;SP;OP3
81;RJ;OP1
82;Sul;OP2
83;SP;OP3
84;SP;OP1
85;SP;OP1
86;Sul;OP1
87;SP;OP2
88;SP;OP2
89;RJ;OP2
90;Sul;OP2
91;SP;OP4
92;Sul;OP2
93;RJ;OP2
94;SP;OP1
95;SP;OP2
96;RJ;OP2
97;SP;OP2
98;SP;OP2
99;SP;OP4
100;SP;OP1
101;SP;OP3
102;Sul;OP2
103;RJ;OP3
104;Sul;OP3
105;RJ;OP1
106;RJ;OP2
107;RJ;OP1
108;SP;OP1
109;SP;OP3
110;SP;OP4
111;SP;OP2
112;Sul;OP1
113;SP;OP3
114;RJ;OP4
115;RJ;OP2
116;SP;OP4
117;Sul;OP3
118;SP;OP2
119;SP;OP1
120;RJ;OP4
121;SP;OP2
122;SP;OP3
123;SP;OP2
124;RJ;OP1
125;RJ;OP2
126;SP;OP1
127;SP;OP4
128;SP;OP4
129;Sul;OP3
130;RJ;OP2
131;SP;OP2
132;Sul;OP3
133;Sul;OP3
134;Sul;OP3
135;SP;OP2
136;SP;OP1
137;SP;OP2
138;RJ;OP3
139;RJ;OP3
140;SP;OP1
141;Sul;OP2
142;SP;OP1
143;Sul;OP3
144;RJ;OP2
145;SP;OP4
146;RJ;OP2
147;RJ;OP1
148;SP;OP1
149;SP;OP2
150;Sul;OP2
151;RJ;OP4
152;SP;OP1
153;RJ;OP3
154;RJ;OP4
155;Sul;OP3
156;RJ;OP3
157;SP;OP3
158;Sul;OP3
159;RJ;OP2
160;RJ;OP3
161;Sul;OP2
162;Sul;OP3
163;Sul;OP3
164;RJ;OP3
165;Sul;OP3
166;RJ;OP2
167;RJ;OP3
168;RJ;OP2
169;RJ;OP2
170;RJ;OP4
171;SP;OP1
172;Sul;OP3
173;Sul;OP2
174;SP;OP1
175;SP;OP4
176;SP;OP1
177;SP;OP4
178;SP;OP2
179;RJ;OP4
180;RJ;OP2
181;RJ;OP3
182;RJ;OP3
183;Sul;OP3
184;SP;OP2
185;RJ;OP3
186;RJ;OP2
187;Sul;OP3
188;SP;OP3
189;SP;OP1
190;SP;OP2
191;RJ;OP1
192;SP;OP4
193;SP;OP1
194;SP;OP2
195;RJ;OP3
196;SP;OP1
197;SP;OP4
198;RJ;OP2
199;SP;OP1
200;SP;OP4
201;RJ;OP2
202;RJ;OP2
203;Sul;OP2
204;RJ;OP2
205;SP;OP1
206;SP;OP1
207;RJ;OP3
208;SP;OP1
209;RJ;OP2
210;SP;OP1
211;RJ;OP2
212;RJ;OP2
213;SP;OP1
214;RJ;OP2
215;RJ;OP1
216;Sul;OP3
217;SP;OP2
218;RJ;OP2
219;SP;OP2
220;SP;OP1
221;Sul;OP2
222;RJ;OP3
223;RJ;OP1
224;Sul;OP3
225;SP;OP2
226;SP;OP1
227;RJ;OP1
228;SP;OP2
229;RJ;OP1
230;RJ;OP2
231;RJ;OP3
232;RJ;OP2
233;SP;OP1
234;Sul;OP2
235;SP;OP1
236;SP;OP1
237;Sul;OP3
238;RJ;OP2
239;SP;OP4
240;SP;OP1
241;RJ;OP3
242;SP;OP2
243;SP;OP4
244;Sul;OP3
245;SP;OP2
246;Sul;OP3
247;SP;OP2
248;RJ;OP3
249;RJ;OP3
250;RJ;OP3
251;Sul;OP3
252;SP;OP1
253;Sul;OP1
254;RJ;OP2
255;RJ;OP2
256;SP;OP1
257;SP;OP2
258;RJ;OP3
259;SP;OP1
260;Sul;OP3
261;Sul;OP1
262;Sul;OP3
263;SP;OP2
264;RJ;OP2
265;Sul;OP2
266;RJ;OP3
267;SP;OP1
268;Sul;OP1
269;RJ;OP2
270;SP;OP3
271;SP;OP3
272;SP;OP2
273;SP;OP1
274;SP;OP1
275;SP;OP2
276;Sul;OP2
277;RJ;OP3
278;SP;OP1
279;RJ;OP1
280;RJ;OP2
281;SP;OP2
282;SP;OP2
283;Sul;OP4
284;SP;OP4
285;RJ;OP2
286;SP;OP1
287;RJ;OP2
288;Sul;OP1
289;RJ;OP2
290;SP;OP2
291;SP;OP2
292;RJ;OP4
293;RJ;OP2
294;Sul;OP2
295;SP;OP1
296;SP;OP1
297;SP;OP1
298;RJ;OP1
299;SP;OP2
300;RJ;OP2
301;RJ;OP1
302;RJ;OP1
303;SP;OP4
304;SP;OP1
305;Sul;OP3
306;SP;OP2
307;RJ;OP2
308;Sul;OP4
309;RJ;OP2
310;RJ;OP2
311;RJ;OP1
312;RJ;OP1
313;SP;OP1
314;SP;OP3
315;SP;OP4
316;SP;OP2
317;SP;OP1
318;SP;OP3
319;RJ;OP2
320;SP;OP2
321;Sul;OP3
322;RJ;OP2
323;SP;OP2
324;Sul;OP2
325;SP;OP2
326;SP;OP1
327;SP;OP3
328;RJ;OP1
329;RJ;OP1
330;SP;OP1
331;RJ;OP2
332;RJ;OP2
333;SP;OP2
334;RJ;OP2
335;RJ;OP1
336;Sul;OP2
337;SP;OP3
338;Sul;OP3
339;SP;OP2
340;Sul;OP1
341;RJ;OP1
342;RJ;OP1
343;SP;OP1
344;SP;OP2
345;SP;OP2
346;RJ;OP2
347;SP;OP1
348;SP;OP1
349;SP;OP4
350;SP;OP2
351;RJ;OP3
352;RJ;OP1
353;SP;OP2
354;RJ;OP3
355;SP;OP1
356;RJ;OP3
357;RJ;OP2
358;SP;OP3
359;Sul;OP2
360;RJ;OP2
361;Sul;OP4
362;Sul;OP2
363;SP;OP1
364;SP;OP4
365;RJ;OP2
366;RJ;OP4
367;Sul;OP2
368;RJ;OP2
369;SP;OP1
370;RJ;OP2
371;RJ;OP1
372;RJ;OP3
373;SP;OP3
374;RJ;OP1
375;SP;OP2
376;SP;OP2
377;SP;OP3
378;SP;OP2
379;SP;OP2
380;SP;OP4
381;SP;OP2
382;SP;OP2
383;SP;OP3
384;Sul;OP3
385;RJ;OP3
386;SP;OP1
387;Sul;OP2
388;RJ;OP2
389;RJ;OP4
390;Sul;OP2
391;SP;OP4
392;RJ;OP2
393;RJ;OP2
394;SP;OP2
395;Sul;OP2
396;SP;OP1
397;Sul;OP4
398;SP;OP1
399;SP;OP2
400;Sul;OP3
401;SP;OP2
402;RJ;OP1
403;Sul;OP2
404;RJ;OP1
405;SP;OP1
406;RJ;OP1
407;SP;OP2
408;Sul;OP3
409;SP;OP2
410;SP;OP2
411;RJ;OP4
412;SP;OP4
413;RJ;OP2
414;Sul;OP2
415;RJ;OP3
416;RJ;OP3
417;RJ;OP1
418;SP;OP3
419;RJ;OP2
420;Sul;OP1
421;SP;OP4
422;RJ;OP1
423;SP;OP2
424;RJ;OP2
425;SP;OP4
426;RJ;OP2
427;RJ;OP1
428;Sul;OP1
429;SP;OP1
430;Sul;OP1
431;SP;OP2
432;RJ;OP2
433;SP;OP2
434;RJ;OP1
435;RJ;OP4
436;RJ;OP1
437;SP;OP1
438;RJ;OP3
439;SP;OP4
440;RJ;OP2
441;RJ;OP4
442;RJ;OP3
443;SP;OP2
444;SP;OP1
445;RJ;OP1
446;SP;OP1
447;RJ;OP2
448;SP;OP4
449;RJ;OP2
450;SP;OP3
451;SP;OP2
452;RJ;OP2
453;RJ;OP2
454;SP;OP2
455;RJ;OP3
456;SP;OP2
457;RJ;OP1
458;Sul;OP3
459;SP;OP3
460;SP;OP2
461;SP;OP2
462;RJ;OP1
463;RJ;OP2
464;Sul;OP3
465;Sul;OP3
466;SP;OP4
467;Sul;OP3
468;RJ;OP1
469;SP;OP4
470;Sul;OP2
471;RJ;OP1
472;Sul;OP4
473;Sul;OP3
474;SP;OP1
475;RJ;OP1
476;Sul;OP1
477;Sul;OP2
478;RJ;OP2
479;RJ;OP3
480;SP;OP1
481;RJ;OP3
482;RJ;OP2
483;SP;OP3
484;RJ;OP3
485;Sul;OP2
486;SP;OP1
487;RJ;OP1
488;Sul;OP2
489;SP;OP1
490;SP;OP2
491;SP;OP2
492;RJ;OP2
493;RJ;OP2
494;SP;OP4
495;SP;OP3
496;RJ;OP2
497;SP;OP4
498;SP;OP1
499;RJ;OP1
500;RJ;OP2
501;SP;OP3
502;RJ;OP1
503;Sul;OP4
504;RJ;OP3
505;Sul;OP1
506;Sul;OP1
507;SP;OP2
508;RJ;OP2
509;Sul;OP2
510;SP;OP1
511;RJ;OP3
512;SP;OP4
513;Sul;OP4
514;RJ;OP1
515;SP;OP1
516;SP;OP2
517;RJ;OP2
518;SP;OP2
519;RJ;OP2
520;RJ;OP2
521;RJ;OP4
522;Sul;OP2
523;RJ;OP2
524;RJ;OP3
525;SP;OP1
526;SP;OP1
527;RJ;OP2
528;SP;OP1
529;SP;OP3
530;RJ;OP3
531;Sul;OP3
532;Sul;OP3
533;RJ;OP2
534;RJ;OP2
535;SP;OP2
536;RJ;OP4
537;RJ;OP1
538;Sul;OP3
539;SP;OP2
540;SP;OP3
541;SP;OP1
542;SP;OP4
543;Sul;OP3
544;SP;OP1
545;Sul;OP3
546;SP;OP1
547;Sul;OP3
548;Sul;OP1
549;RJ;OP1
550;RJ;OP3
551;RJ;OP1
552;Sul;OP2
553;Sul;OP2
554;SP;OP1
555;RJ;OP1
556;SP;OP3
557;SP;OP1
558;RJ;OP3
559;RJ;OP1
560;RJ;OP1
561;Sul;OP2
562;SP;OP4
563;SP;OP1
564;RJ;OP3
565;RJ;OP1
566;RJ;OP2
567;Sul;OP2
568;Sul;OP4
569;SP;OP2
570;RJ;OP3
571;SP;OP1
572;RJ;OP3
573;SP;OP2
574;RJ;OP2
575;Sul;OP3
576;Sul;OP1
577;RJ;OP3
578;RJ;OP2
579;RJ;OP2
580;SP;OP4
581;RJ;OP2
582;RJ;OP2
583;SP;OP4
584;SP;OP2
585;RJ;OP2
586;RJ;OP3
587;SP;OP1
588;RJ;OP2
589;Sul;OP3
590;RJ;OP3
591;RJ;OP3
592;SP;OP4
593;RJ;OP2
594;SP;OP4
595;SP;OP4
596;RJ;OP2
597;RJ;OP1
598;RJ;OP1
599;SP;OP4
600;SP;OP1
601;RJ;OP2
602;RJ;OP1
603;SP;OP1
604;SP;OP1
605;RJ;OP1
606;RJ;OP2
607;SP;OP2
608;RJ;OP2
609;SP;OP2
610;SP;OP1
611;SP;OP1
612;SP;OP2
613;RJ;OP4
614;RJ;OP3
615;Sul;OP2
616;SP;OP4
617;SP;OP4
618;RJ;OP2
619;Sul;OP3
620;RJ;OP1
621;Sul;OP2
622;SP;OP2
623;RJ;OP2
624;RJ;OP1
625;Sul;OP3
626;RJ;OP3
627;RJ;OP3
628;Sul;OP2
629;RJ;OP2
630;SP;OP2
631;SP;OP3
632;RJ;OP2
633;RJ;OP2
634;SP;OP1
635;Sul;OP3
636;Sul;OP3
637;RJ;OP3
638;RJ;OP2
639;RJ;OP3
640;RJ;OP2
641;Sul;OP3
642;Sul;OP1
643;SP;OP1
644;RJ;OP2
645;RJ;OP2
646;RJ;OP4
647;RJ;OP2
648;RJ;OP3
649;SP;OP2
650;RJ;OP3
651;Sul;OP3
652;RJ;OP2
653;Sul;OP2
654;RJ;OP3
655;RJ;OP2
656;RJ;OP3
657;Sul;OP3
658;Sul;OP3
659;RJ;OP3
660;SP;OP1
661;RJ;OP2
662;RJ;OP4
663;RJ;OP2
664;RJ;OP4
665;SP;OP3
666;SP;OP1
667;RJ;OP3
668;SP;OP1
669;SP;OP2
670;Sul;OP3
671;Sul;OP3
672;SP;OP2
673;RJ;OP2
674;Sul;OP2
675;Sul;OP2
676;RJ;OP3
677;Sul;OP3
678;RJ;OP3
679;SP;OP2
680;RJ;OP3
681;SP;OP2
682;SP;OP2
683;Sul;OP3
684;SP;OP2
685;Sul;OP3
686;SP;OP1
687;SP;OP2
688;RJ;OP2
689;RJ;OP1
690;RJ;OP1
691;RJ;OP3
692;SP;OP2
693;Sul;OP3
694;RJ;OP2
695;SP;OP2
696;RJ;OP2
697;RJ;OP3
698;RJ;OP2
699;SP;OP2
700;SP;OP2
701;SP;OP3
702;Sul;OP3
703;SP;OP1
704;SP;OP2
705;SP;OP4
706;SP;OP2
707;RJ;OP2
708;RJ;OP4
709;RJ;OP2
710;SP;OP4
711;RJ;OP2
712;Sul;OP2
713;RJ;OP2
714;RJ;OP3
715;SP;OP4
716;Sul;OP2
717;RJ;OP2
718;Sul;OP3
719;Sul;OP2
720;RJ;OP2
721;RJ;OP2
722;SP;OP1
723;Sul;OP1
724;RJ;OP1
725;SP;OP2
726;RJ;OP4
727;RJ;OP2
728;SP;OP2
729;Sul;OP3
730;SP;OP2
731;RJ;OP2
732;Sul;OP1
733;SP;OP1
734;RJ;OP1
735;Sul;OP1
736;SP;OP2
737;SP;OP4
738;RJ;OP2
739;Sul;OP3
740;RJ;OP1
741;SP;OP1
742;RJ;OP1
743;SP;OP2
744;RJ;OP3
745;SP;OP4
746;RJ;OP4
747;Sul;OP2
748;SP;OP2
749;RJ;OP1
750;SP;OP2
751;RJ;OP1
752;RJ;OP3
753;RJ;OP3
754;RJ;OP2
755;RJ;OP2
756;Sul;OP4
757;SP;OP2
758;RJ;OP3
759;SP;OP1
760;RJ;OP2
761;RJ;OP2
762;SP;OP2
763;SP;OP3
764;RJ;OP1
765;RJ;OP2
766;SP;OP2
767;RJ;OP2
768;SP;OP1
769;RJ;OP2
770;SP;OP1
771;SP;OP4
772;SP;OP2
773;RJ;OP2
774;RJ;OP2
775;RJ;OP2
776;RJ;OP4
777;SP;OP1
778;Sul;OP1
779;SP;OP1
780;Sul;OP4
781;RJ;OP2
782;Sul;OP3
783;Sul;OP3
784;RJ;OP2
785;RJ;OP2
786;SP;OP2
787;RJ;OP4
788;SP;OP4
789;SP;OP4
790;Sul;OP2
791;SP;OP2
792;SP;OP3
793;SP;OP2
794;SP;OP2
795;Sul;OP1
796;Sul;OP4
797;RJ;OP2
798;RJ;OP2
799;Sul;OP2
800;SP;OP1
801;RJ;OP2
802;RJ;OP2
803;SP;OP3
804;Sul;OP2
805;RJ;OP1
806;Sul;OP3
807;RJ;OP2
808;RJ;OP2
809;SP;OP2
810;RJ;OP1
811;SP;OP1
812;RJ;OP3
813;SP;OP2
814;RJ;OP2
815;RJ;OP3
816;Sul;OP2
817;SP;OP1
818;RJ;OP4
819;RJ;OP2
820;RJ;OP2
821;RJ;OP3
822;RJ;OP1
823;SP;OP2
824;RJ;OP2
825;Sul;OP3
826;SP;OP2
827;Sul;OP2
828;SP;OP2
829;Sul;OP2
830;RJ;OP3
831;SP;OP1
832;SP;OP2
833;SP;OP4
834;RJ;OP1
835;SP;OP3
836;RJ;OP2
837;SP;OP2
838;RJ;OP3
839;RJ;OP3
840;RJ;OP4
841;SP;OP3
842;Sul;OP3
843;RJ;OP4
844;RJ;OP2
845;RJ;OP4
846;RJ;OP3
847;RJ;OP1
848;RJ;OP1
849;SP;OP4
850;RJ;OP4
851;RJ;OP2
852;SP;OP1
853;SP;OP3
854;SP;OP2
855;Sul;OP3
856;RJ;OP2
857;RJ;OP1
858;RJ;OP2
859;SP;OP2
860;SP;OP3
861;RJ;OP2
862;RJ;OP2
863;RJ;OP2
864;SP;OP2
865;SP;OP4
866;SP;OP4
867;Sul;OP3
868;Sul;OP2
869;Sul;OP2
870;SP;OP4
871;RJ;OP1
872;SP;OP2
873;SP;OP2
874;SP;OP1
875;RJ;OP2
876;RJ;OP1
877;SP;OP3
878;SP;OP1
879;RJ;OP3
880;SP;OP1
881;RJ;OP3
882;Sul;OP1
883;Sul;OP3
884;Sul;OP2
885;SP;OP2
886;Sul;OP4
887;SP;OP2
888;RJ;OP3
889;RJ;OP3
890;SP;OP1
891;SP;OP4
892;SP;OP2
893;SP;OP1
894;SP;OP2
895;SP;OP2
896;SP;OP2
897;Sul;OP3
898;SP;OP3
899;Sul;OP3
900;SP;OP2
901;RJ;OP2
902;RJ;OP2
903;RJ;OP2
904;SP;OP1
905;SP;OP1
906;SP;OP1
907;RJ;OP4
908;RJ;OP2
909;SP;OP4
910;SP;OP2
911;RJ;OP4
912;Sul;OP2
913;RJ;OP3
914;RJ;OP1
915;RJ;OP4
916;RJ;OP3
917;RJ;OP2
918;SP;OP2
919;SP;OP1
920;Sul;OP2
921;RJ;OP1
922;Sul;OP3
923;RJ;OP4
924;Sul;OP1
925;Sul;OP2
926;Sul;OP1
927;RJ;OP1
928;SP;OP3
929;RJ;OP2
930;SP;OP1
931;Sul;OP1
932;SP;OP1
933;SP;OP3
934;SP;OP2
935;RJ;OP2
936;SP;OP2
937;SP;OP1
938;RJ;OP1
939;RJ;OP1
940;SP;OP1
941;RJ;OP1
942;SP;OP1
943;SP;OP2
944;RJ;OP2
945;Sul;OP3
946;RJ;OP3
947;RJ;OP3
948;SP;OP1
949;SP;OP2
950;SP;OP2
951;SP;OP3
952;SP;OP1
953;Sul;OP2
954;SP;OP4
955;RJ;OP2
956;SP;OP2
957;RJ;OP2
958;SP;OP2
959;RJ;OP3
960;SP;OP2
961;RJ;OP4
962;SP;OP1
963;Sul;OP3
964;Sul;OP3
965;SP;OP2
966;RJ;OP2
967;RJ;OP2
968;RJ;OP2
969;SP;OP2
970;Sul;OP4
971;RJ;OP1
972;RJ;OP2
973;RJ;OP2
974;RJ;OP2
975;RJ;OP2
976;RJ;OP2
977;SP;OP1
978;SP;OP1
979;SP;OP2
980;Sul;OP3
981;SP;OP2
982;RJ;OP1
983;RJ;OP2
984;SP;OP1
985;RJ;OP3
986;SP;OP2
987;Sul;OP3
988;SP;OP4
989;Sul;OP3
990;SP;OP1
991;RJ;OP2
992;RJ;OP2
993;RJ;OP2
994;SP;OP1
995;SP;OP1
996;RJ;OP2
997;RJ;OP2
998;RJ;OP2
999;SP;OP4
1000;RJ;OP2
1001;RJ;OP2
1002;Sul;OP1
1003;Sul;OP3
1004;RJ;OP2
1005;Sul;OP1
1006;SP;OP2
1007;SP;OP2
1008;SP;OP4
1009;RJ;OP1
1010;RJ;OP1
1011;SP;OP4
1012;RJ;OP3
1013;SP;OP3
1014;RJ;OP3
1015;SP;OP4
1016;RJ;OP2
1017;SP;OP2
1018;Sul;OP3
1019;SP;OP2
1020;Sul;OP2
1021;SP;OP2
1022;RJ;OP2
1023;SP;OP1
1024;RJ;OP3
1025;SP;OP1
1026;RJ;OP2
1027;SP;OP2
1028;Sul;OP3
1029;SP;OP2
1030;RJ;OP2
1031;SP;OP4
1032;SP;OP1
1033;RJ;OP2
1034;Sul;OP3
1035;Sul;OP2
1036;RJ;OP2
1037;Sul;OP1
1038;SP;OP1
1039;Sul;OP1
1040;SP;OP1
1041;Sul;OP4
1042;SP;OP2
1043;SP;OP1
1044;SP;OP4
1045;SP;OP2
1046;RJ;OP2
1047;RJ;OP2
1048;RJ;OP3
1049;RJ;OP3
1050;SP;OP3
1051;SP;OP4
1052;RJ;OP2
1053;Sul;OP3
1054;RJ;OP2
1055;SP;OP2
1056;SP;OP2
1057;RJ;OP3
1058;RJ;OP2
1059;RJ;OP2
1060;Sul;OP1
1061;RJ;OP1
1062;RJ;OP2
1063;SP;OP4
1064;Sul;OP3
1065;RJ;OP3
1066;SP;OP3
1067;Sul;OP2
1068;RJ;OP2
1069;RJ;OP2
1070;Sul;OP3
1071;SP;OP4
1072;SP;OP1
1073;Sul;OP1
1074;RJ;OP1
1075;SP;OP2
1076;SP;OP1
1077;Sul;OP3
1078;RJ;OP2
1079;Sul;OP2
1080;SP;OP2
1081;SP;OP3
1082;SP;OP3
1083;SP;OP2
1084;RJ;OP2
1085;RJ;OP2
1086;SP;OP1
1087;RJ;OP3
1088;RJ;OP2
1089;Sul;OP2
1090;Sul;OP2
1091;SP;OP1
1092;SP;OP4
1093;RJ;OP3
1094;RJ;OP2
1095;Sul;OP3
1096;SP;OP3
1097;SP;OP2
1098;Sul;OP2
1099;SP;OP2
1100;SP;OP2
1101;Sul;OP3
1102;SP;OP2
1103;SP;OP3
1104;RJ;OP2
1105;Sul;OP2
1106;RJ;OP2
1107;Sul;OP2
1108;SP;OP2
1109;SP;OP2
1110;Sul;OP1
1111;RJ;OP1
1112;SP;OP4
1113;RJ;OP2
1114;Sul;OP2
1115;SP;OP1
1116;Sul;OP2
1117;RJ;OP2
1118;RJ;OP2
1119;SP;OP1
1120;Sul;OP2
1121;SP;OP2
1122;SP;OP4
1123;SP;OP4
1124;RJ;OP2
1125;RJ;OP1
1126;SP;OP2
1127;SP;OP4
1128;SP;OP1
1129;SP;OP3
1130;RJ;OP2
1131;SP;OP2
1132;RJ;OP2
1133;RJ;OP4
1134;SP;OP1
1135;SP;OP2
1136;RJ;OP2
1137;Sul;OP3
1138;RJ;OP2
1139;RJ;OP2
1140;SP;OP2
1141;SP;OP2
1142;SP;OP4
1143;SP;OP4
1144;SP;OP4
1145;RJ;OP4
1146;SP;OP4
1147;SP;OP1
1148;RJ;OP3
1149;RJ;OP4
1150;RJ;OP3
1151;RJ;OP2
1152;Sul;OP1
1153;SP;OP3
1154;RJ;OP2
1155;RJ;OP4
1156;Sul;OP3
1157;SP;OP1
1158;RJ;OP2
1159;SP;OP2
1160;SP;OP1
1161;RJ;OP2
1162;SP;OP4
1163;SP;OP1
1164;RJ;OP3
1165;Sul;OP2
1166;SP;OP2
1167;Sul;OP3
1168;RJ;OP2
1169;SP;OP4
1170;Sul;OP3
1171;SP;OP4
1172;RJ;OP1
1173;Sul;OP2
1174;SP;OP4
1175;RJ;OP3
1176;RJ;OP2
1177;SP;OP2
1178;SP;OP2
1179;SP;OP1
1180;SP;OP4
1181;SP;OP1
1182;SP;OP1
1183;SP;OP1
1184;SP;OP1
1185;Sul;OP2
1186;SP;OP2
1187;Sul;OP1
1188;RJ;OP2
1189;RJ;OP3
1190;SP;OP4
1191;SP;OP4
1192;SP;OP4
1193;SP;OP2
1194;RJ;OP3
1195;SP;OP4
1196;SP;OP1
1197;SP;OP1
1198;RJ;OP2
1199;Sul;OP2
1200;RJ;OP3
1201;SP;OP1
1202;RJ;OP2
1203;SP;OP3
1204;RJ;OP2
1205;SP;OP4
1206;SP;OP3
1207;SP;OP4
1208;RJ;OP3
1209;SP;OP4
1210;RJ;OP2
1211;Sul;OP3
1212;RJ;OP4
1213;Sul;OP1
1214;SP;OP4
1215;RJ;OP3
1216;SP;OP2
1217;SP;OP4
1218;SP;OP2
1219;Sul;OP1
1220;SP;OP2
1221;SP;OP3
1222;Sul;OP4
1223;RJ;OP2
1224;RJ;OP3
1225;SP;OP3
1226;SP;OP1
1227;SP;OP3
1228;Sul;OP1
1229;Sul;OP2
1230;RJ;OP2
1231;Sul;OP3
1232;RJ;OP4
1233;SP;OP1
1234;SP;OP2
1235;SP;OP3
1236;SP;OP2
1237;RJ;OP2
1238;RJ;OP2
1239;SP;OP2
1240;SP;OP1
1241;RJ;OP3
1242;RJ;OP2
1243;RJ;OP3
1244;RJ;OP2
1245;Sul;OP4
1246;SP;OP4
1247;SP;OP2
1248;SP;OP2
1249;SP;OP3
1250;RJ;OP1
1251;SP;OP1
1252;RJ;OP2
1253;RJ;OP4
1254;SP;OP3
1255;SP;OP1
1256;Sul;OP3
1257;RJ;OP4
1258;Sul;OP3
1259;RJ;OP1
1260;SP;OP1
1261;Sul;OP3
1262;SP;OP2
1263;Sul;OP1
1264;SP;OP2
1265;SP;OP4
1266;Sul;OP2
1267;SP;OP1
1268;SP;OP2
1269;SP;OP3
1270;SP;OP4
1271;SP;OP2
1272;SP;OP1
1273;SP;OP4
1274;Sul;OP3
1275;RJ;OP3
1276;SP;OP3
1277;SP;OP1
1278;Sul;OP2
1279;SP;OP1
1280;SP;OP4
1281;SP;OP2
1282;SP;OP1
1283;SP;OP2
1284;SP;OP1
1285;SP;OP4
1286;SP;OP2
1287;RJ;OP2
1288;Sul;OP3
1289;RJ;OP2
1290;SP;OP2
1291;RJ;OP1
1292;RJ;OP2
1293;SP;OP2
1294;RJ;OP2
1295;SP;OP1
1296;RJ;OP3
1297;Sul;OP2
1298;SP;OP3
1299;Sul;OP2
1300;RJ;OP2
1301;Sul;OP2
1302;SP;OP2
1303;RJ;OP1
1304;SP;OP2
1305;RJ;OP2
1306;SP;OP1
1307;SP;OP1
1308;Sul;OP2
1309;Sul;OP3
1310;RJ;OP2
1311;Sul;OP3
1312;SP;OP2
1313;RJ;OP2
1314;RJ;OP2
1315;RJ;OP2
1316;Sul;OP1
1317;SP;OP4
1318;RJ;OP2
1319;SP;OP3
1320;Sul;OP2
1321;SP;OP2
1322;RJ;OP2
1323;Sul;OP3
1324;RJ;OP2
1325;Sul;OP2
1326;RJ;OP3
1327;RJ;OP2
1328;SP;OP1
1329;RJ;OP3
1330;SP;OP1
1331;RJ;OP2
1332;SP;OP4
1333;SP;OP1
1334;SP;OP4
1335;SP;OP4
1336;SP;OP2
1337;SP;OP1
1338;RJ;OP3
1339;SP;OP2
1340;SP;OP2
1341;Sul;OP4
1342;SP;OP2
1343;SP;OP4
1344;SP;OP3
1345;SP;OP2
1346;SP;OP1
1347;SP;OP1
1348;RJ;OP3
1349;SP;OP3
1350;SP;OP2
1351;SP;OP2
1352;Sul;OP1
1353;SP;OP1
1354;SP;OP4
1355;Sul;OP1
1356;Sul;OP1
1357;SP;OP2
1358;RJ;OP3
1359;SP;OP1
1360;SP;OP1
1361;RJ;OP2
1362;SP;OP1
1363;RJ;OP3
1364;SP;OP3
1365;RJ;OP3
1366;RJ;OP3
1367;SP;OP2
1368;RJ;OP4
1369;RJ;OP1
1370;Sul;OP3
1371;SP;OP4
1372;SP;OP2
1373;SP;OP2
1374;RJ;OP1
1375;SP;OP4
1376;RJ;OP2
1377;RJ;OP2
1378;Sul;OP3
1379;RJ;OP1
1380;SP;OP2
1381;RJ;OP1
1382;RJ;OP1
1383;SP;OP1
1384;Sul;OP2
1385;RJ;OP1
1386;Sul;OP2
1387;SP;OP1
1388;RJ;OP2
1389;RJ;OP1
1390;SP;OP2
1391;SP;OP1
1392;SP;OP3
1393;Sul;OP3
1394;RJ;OP2
1395;RJ;OP2
1396;SP;OP2
1397;SP;OP1
1398;Sul;OP3
1399;Sul;OP2
1400;SP;OP4
1401;SP;OP2
1402;SP;OP4
1403;Sul;OP2
1404;SP;OP1
1405;SP;OP1
1406;SP;OP4
1407;RJ;OP3
1408;SP;OP1
1409;RJ;OP3
1410;SP;OP4
1411;SP;OP4
1412;RJ;OP4
1413;RJ;OP2
1414;SP;OP2
1415;RJ;OP3
1416;Sul;OP2
1417;SP;OP1
1418;SP;OP2
1419;Sul;OP3
1420;Sul;OP3
1421;SP;OP1
1422;RJ;OP2
1423;SP;OP2
1424;RJ;OP2
1425;SP;OP4
1426;RJ;OP1
1427;RJ;OP2
1428;RJ;OP2
1429;SP;OP1
1430;RJ;OP2
1431;Sul;OP3
1432;SP;OP2
1433;RJ;OP2
1434;RJ;OP3
1435;SP;OP2
1436;Sul;OP1
1437;SP;OP3
1438;Sul;OP3
1439;SP;OP2
1440;RJ;OP3
1441;RJ;OP2
1442;Sul;OP3
1443;SP;OP1
1444;RJ;OP4
1445;RJ;OP1
1446;RJ;OP2
1447;RJ;OP3
1448;SP;OP2
1449;SP;OP1
1450;Sul;OP3
1451;SP;OP1
1452;SP;OP4
1453;SP;OP1
1454;RJ;OP2
1455;SP;OP3
1456;RJ;OP1
1457;SP;OP2
1458;Sul;OP4
1459;SP;OP2
1460;SP;OP2
1461;SP;OP1
1462;RJ;OP2
1463;SP;OP3
1464;SP;OP2
1465;Sul;OP3
1466;SP;OP1
1467;Sul;OP2
1468;SP;OP1
1469;RJ;OP4
1470;Sul;OP2
1471;RJ;OP3
1472;SP;OP3
1473;SP;OP3
1474;Sul;OP3
1475;RJ;OP3
1476;RJ;OP1
1477;RJ;OP4
1478;Sul;OP3
1479;SP;OP2
1480;RJ;OP4
1481;RJ;OP3
1482;RJ;OP3
1483;Sul;OP3
1484;SP;OP1
1485;Sul;OP3
1486;RJ;OP2
1487;RJ;OP2
1488;SP;OP4
1489;SP;OP4
1490;RJ;OP2
1491;SP;OP1
1492;SP;OP1
1493;SP;OP2
1494;Sul;OP2
1495;RJ;OP3
1496;SP;OP4
1497;Sul;OP4
1498;SP;OP2
1499;RJ;OP2
1500;RJ;OP2
1501;Sul;OP2
1502;Sul;OP3
1503;SP;OP1
1504;RJ;OP2
1505;SP;OP3
1506;SP;OP1
1507;RJ;OP1
1508;RJ;OP3
1509;SP;OP1
1510;RJ;OP2
1511;SP;OP3
1512;Sul;OP1
1513;SP;OP1
1514;Sul;OP1
1515;SP;OP1
1516;Sul;OP1
1517;RJ;OP2
1518;Sul;OP2
1519;Sul;OP4
1520;RJ;OP3
1521;SP;OP1
1522;RJ;OP2
1523;Sul;OP1
1524;SP;OP1
1525;Sul;OP3
1526;RJ;OP2
1527;RJ;OP2
1528;RJ;OP1
1529;Sul;OP2
1530;Sul;OP3
1531;SP;OP4
1532;SP;OP2
1533;SP;OP4
1534;RJ;OP2
1535;SP;OP2
1536;SP;OP1
1537;Sul;OP2
1538;RJ;OP4
1539;Sul;OP2
1540;RJ;OP3
1541;RJ;OP1
1542;SP;OP2
1543;RJ;OP2
1544;Sul;OP4
1545;RJ;OP2
1546;RJ;OP2
1547;RJ;OP1
1548;RJ;OP2
1549;RJ;OP2
1550;Sul;OP1
1551;RJ;OP2
